feature_family,category,feature_count,constant_feature_count,constant_features,pr_auc_drop_relative,lift_5pct_drop_relative,average_pairwise_correlation,average_correlation_with_active_days_count,max_correlation_with_active_days_count,business_meaning,rationale
add_to_cart_activity,REVIEW_REDUNDANCY,5,0,,0.001023,0.001799,0.836477,0.533087,0.597882,Core commerce-funnel intent behavior.,"Core commerce behavior has weak single-family ablation impact, likely because activity intensity overlaps with active_days_count and windowed counts."
product_buy_activity,REVIEW_REDUNDANCY,5,0,,-0.005998,-0.004039,0.79854,0.405419,0.475559,Prior purchase history and repeat-purchase behavior.,"Core commerce behavior has weak single-family ablation impact, likely because activity intensity overlaps with active_days_count and windowed counts."
remove_from_cart_activity,REVIEW_REDUNDANCY,5,0,,-0.002434,-0.001451,0.852428,0.488517,0.538463,"Potential negative intent, hesitation, or cart cleanup behavior.","Business meaning is plausible as hesitation or negative intent, but current count-window representation may not capture directionality well."
search_activity,REVIEW_REDUNDANCY,5,0,,0.001806,0.00243,0.74333,0.645473,0.870504,Discovery and exploration behavior; count-only representation may be noisy.,Search has plausible intent signal but count-only representation is noisy and overlaps with general activity.
recency_features,KEEP_SUPPORTING,4,0,,0.006268,0.019437,0.168116,0.112238,0.164427,Timing of recent activity and freshness of intent.,Moderate contribution and interpretable supporting signal.
ratio_features,REMOVE_CANDIDATE,4,0,,-0.006776,-0.004291,0.049357,0.255892,0.470254,Derived intensity ratios that may duplicate count features.,Derived ratios underperform in E4 and likely duplicate underlying counts.
product_metadata_features,KEEP_SUPPORTING,6,0,,0.020183,0.006027,0.32485,0.284442,0.654949,Category and price context for cart/buy behavior.,Moderate contribution and interpretable supporting signal.
cohort_indicator,REMOVE_CONSTANT,1,1,is_eligible_purchase_propensity,1e-06,0.0,,,,Eligibility flag; constant after training-row filtering.,Feature family is constant inside the filtered training dataset.
overall_activity,KEEP_CORE,1,0,,0.028578,0.019847,,,,General engagement intensity across event types.,Largest E4 drop and broad business meaning as engagement intensity.
