feature_left,family_left,feature_right,family_right,correlation,absolute_correlation,correlation_status
add_to_cart_count,add_to_cart_activity,distinct_add_to_cart_sku_count,add_to_cart_activity,0.939947,0.939947,ok
add_to_cart_count,add_to_cart_activity,add_to_cart_count_30d,add_to_cart_activity,0.707872,0.707872,ok
add_to_cart_count,add_to_cart_activity,add_to_cart_count_60d,add_to_cart_activity,0.881492,0.881492,ok
add_to_cart_count,add_to_cart_activity,add_to_cart_count_90d,add_to_cart_activity,0.971731,0.971731,ok
add_to_cart_count,add_to_cart_activity,product_buy_count,product_buy_activity,0.515526,0.515526,ok
add_to_cart_count,add_to_cart_activity,distinct_product_buy_sku_count,product_buy_activity,0.517325,0.517325,ok
add_to_cart_count,add_to_cart_activity,product_buy_count_30d,product_buy_activity,0.378311,0.378311,ok
add_to_cart_count,add_to_cart_activity,product_buy_count_60d,product_buy_activity,0.465715,0.465715,ok
add_to_cart_count,add_to_cart_activity,product_buy_count_90d,product_buy_activity,0.508823,0.508823,ok
add_to_cart_count,add_to_cart_activity,remove_from_cart_count,remove_from_cart_activity,0.863718,0.863718,ok
add_to_cart_count,add_to_cart_activity,distinct_remove_from_cart_sku_count,remove_from_cart_activity,0.844767,0.844767,ok
add_to_cart_count,add_to_cart_activity,remove_from_cart_count_30d,remove_from_cart_activity,0.636877,0.636877,ok
add_to_cart_count,add_to_cart_activity,remove_from_cart_count_60d,remove_from_cart_activity,0.784386,0.784386,ok
add_to_cart_count,add_to_cart_activity,remove_from_cart_count_90d,remove_from_cart_activity,0.848726,0.848726,ok
add_to_cart_count,add_to_cart_activity,search_query_count,search_activity,0.522343,0.522343,ok
add_to_cart_count,add_to_cart_activity,distinct_search_days,search_activity,0.500574,0.500574,ok
add_to_cart_count,add_to_cart_activity,search_query_count_30d,search_activity,0.38671,0.38671,ok
add_to_cart_count,add_to_cart_activity,search_query_count_60d,search_activity,0.462842,0.462842,ok
add_to_cart_count,add_to_cart_activity,search_query_count_90d,search_activity,0.513066,0.513066,ok
add_to_cart_count,add_to_cart_activity,days_since_last_add_to_cart,recency_features,-0.035567,0.035567,ok
add_to_cart_count,add_to_cart_activity,days_since_last_remove_from_cart,recency_features,0.16082,0.16082,ok
add_to_cart_count,add_to_cart_activity,days_since_last_product_buy,recency_features,-0.026784,0.026784,ok
add_to_cart_count,add_to_cart_activity,days_since_last_search_query,recency_features,0.104705,0.104705,ok
add_to_cart_count,add_to_cart_activity,buy_to_cart_ratio,ratio_features,0.015971,0.015971,ok
add_to_cart_count,add_to_cart_activity,remove_to_cart_ratio,ratio_features,0.134459,0.134459,ok
add_to_cart_count,add_to_cart_activity,cart_minus_remove_count,ratio_features,0.834386,0.834386,ok
add_to_cart_count,add_to_cart_activity,search_to_cart_ratio,ratio_features,0.028322,0.028322,ok
add_to_cart_count,add_to_cart_activity,distinct_cart_category_count,product_metadata_features,0.815009,0.815009,ok
add_to_cart_count,add_to_cart_activity,avg_cart_price,product_metadata_features,-0.001118,0.001118,ok
add_to_cart_count,add_to_cart_activity,max_cart_price,product_metadata_features,0.154591,0.154591,ok
add_to_cart_count,add_to_cart_activity,distinct_bought_category_count,product_metadata_features,0.432117,0.432117,ok
add_to_cart_count,add_to_cart_activity,avg_bought_price,product_metadata_features,0.006267,0.006267,ok
add_to_cart_count,add_to_cart_activity,max_bought_price,product_metadata_features,0.06606,0.06606,ok
add_to_cart_count,add_to_cart_activity,is_eligible_purchase_propensity,cohort_indicator,,,skipped_constant_feature
add_to_cart_count,add_to_cart_activity,active_days_count,overall_activity,0.590784,0.590784,ok
distinct_add_to_cart_sku_count,add_to_cart_activity,add_to_cart_count_30d,add_to_cart_activity,0.646651,0.646651,ok
distinct_add_to_cart_sku_count,add_to_cart_activity,add_to_cart_count_60d,add_to_cart_activity,0.812494,0.812494,ok
distinct_add_to_cart_sku_count,add_to_cart_activity,add_to_cart_count_90d,add_to_cart_activity,0.907287,0.907287,ok
distinct_add_to_cart_sku_count,add_to_cart_activity,product_buy_count,product_buy_activity,0.478585,0.478585,ok
distinct_add_to_cart_sku_count,add_to_cart_activity,distinct_product_buy_sku_count,product_buy_activity,0.524459,0.524459,ok
distinct_add_to_cart_sku_count,add_to_cart_activity,product_buy_count_30d,product_buy_activity,0.344062,0.344062,ok
distinct_add_to_cart_sku_count,add_to_cart_activity,product_buy_count_60d,product_buy_activity,0.424241,0.424241,ok
distinct_add_to_cart_sku_count,add_to_cart_activity,product_buy_count_90d,product_buy_activity,0.46814,0.46814,ok
distinct_add_to_cart_sku_count,add_to_cart_activity,remove_from_cart_count,remove_from_cart_activity,0.830892,0.830892,ok
distinct_add_to_cart_sku_count,add_to_cart_activity,distinct_remove_from_cart_sku_count,remove_from_cart_activity,0.86858,0.86858,ok
distinct_add_to_cart_sku_count,add_to_cart_activity,remove_from_cart_count_30d,remove_from_cart_activity,0.599772,0.599772,ok
distinct_add_to_cart_sku_count,add_to_cart_activity,remove_from_cart_count_60d,remove_from_cart_activity,0.742763,0.742763,ok
distinct_add_to_cart_sku_count,add_to_cart_activity,remove_from_cart_count_90d,remove_from_cart_activity,0.812639,0.812639,ok
distinct_add_to_cart_sku_count,add_to_cart_activity,search_query_count,search_activity,0.542694,0.542694,ok
distinct_add_to_cart_sku_count,add_to_cart_activity,distinct_search_days,search_activity,0.518425,0.518425,ok
distinct_add_to_cart_sku_count,add_to_cart_activity,search_query_count_30d,search_activity,0.395835,0.395835,ok
distinct_add_to_cart_sku_count,add_to_cart_activity,search_query_count_60d,search_activity,0.478499,0.478499,ok
distinct_add_to_cart_sku_count,add_to_cart_activity,search_query_count_90d,search_activity,0.530978,0.530978,ok
distinct_add_to_cart_sku_count,add_to_cart_activity,days_since_last_add_to_cart,recency_features,-0.027087,0.027087,ok
distinct_add_to_cart_sku_count,add_to_cart_activity,days_since_last_remove_from_cart,recency_features,0.142233,0.142233,ok
distinct_add_to_cart_sku_count,add_to_cart_activity,days_since_last_product_buy,recency_features,-0.038469,0.038469,ok
distinct_add_to_cart_sku_count,add_to_cart_activity,days_since_last_search_query,recency_features,0.120474,0.120474,ok
distinct_add_to_cart_sku_count,add_to_cart_activity,buy_to_cart_ratio,ratio_features,0.022901,0.022901,ok
distinct_add_to_cart_sku_count,add_to_cart_activity,remove_to_cart_ratio,ratio_features,0.122655,0.122655,ok
distinct_add_to_cart_sku_count,add_to_cart_activity,cart_minus_remove_count,ratio_features,0.76345,0.76345,ok
distinct_add_to_cart_sku_count,add_to_cart_activity,search_to_cart_ratio,ratio_features,0.041378,0.041378,ok
distinct_add_to_cart_sku_count,add_to_cart_activity,distinct_cart_category_count,product_metadata_features,0.88726,0.88726,ok
distinct_add_to_cart_sku_count,add_to_cart_activity,avg_cart_price,product_metadata_features,0.007754,0.007754,ok
distinct_add_to_cart_sku_count,add_to_cart_activity,max_cart_price,product_metadata_features,0.172956,0.172956,ok
distinct_add_to_cart_sku_count,add_to_cart_activity,distinct_bought_category_count,product_metadata_features,0.447541,0.447541,ok
distinct_add_to_cart_sku_count,add_to_cart_activity,avg_bought_price,product_metadata_features,-0.009361,0.009361,ok
distinct_add_to_cart_sku_count,add_to_cart_activity,max_bought_price,product_metadata_features,0.052706,0.052706,ok
distinct_add_to_cart_sku_count,add_to_cart_activity,is_eligible_purchase_propensity,cohort_indicator,,,skipped_constant_feature
distinct_add_to_cart_sku_count,add_to_cart_activity,active_days_count,overall_activity,0.597882,0.597882,ok
add_to_cart_count_30d,add_to_cart_activity,add_to_cart_count_60d,add_to_cart_activity,0.834193,0.834193,ok
add_to_cart_count_30d,add_to_cart_activity,add_to_cart_count_90d,add_to_cart_activity,0.743782,0.743782,ok
add_to_cart_count_30d,add_to_cart_activity,product_buy_count,product_buy_activity,0.372507,0.372507,ok
add_to_cart_count_30d,add_to_cart_activity,distinct_product_buy_sku_count,product_buy_activity,0.381369,0.381369,ok
add_to_cart_count_30d,add_to_cart_activity,product_buy_count_30d,product_buy_activity,0.536083,0.536083,ok
add_to_cart_count_30d,add_to_cart_activity,product_buy_count_60d,product_buy_activity,0.436839,0.436839,ok
add_to_cart_count_30d,add_to_cart_activity,product_buy_count_90d,product_buy_activity,0.389953,0.389953,ok
add_to_cart_count_30d,add_to_cart_activity,remove_from_cart_count,remove_from_cart_activity,0.600056,0.600056,ok
add_to_cart_count_30d,add_to_cart_activity,distinct_remove_from_cart_sku_count,remove_from_cart_activity,0.569078,0.569078,ok
add_to_cart_count_30d,add_to_cart_activity,remove_from_cart_count_30d,remove_from_cart_activity,0.814502,0.814502,ok
add_to_cart_count_30d,add_to_cart_activity,remove_from_cart_count_60d,remove_from_cart_activity,0.69928,0.69928,ok
add_to_cart_count_30d,add_to_cart_activity,remove_from_cart_count_90d,remove_from_cart_activity,0.628057,0.628057,ok
add_to_cart_count_30d,add_to_cart_activity,search_query_count,search_activity,0.304542,0.304542,ok
add_to_cart_count_30d,add_to_cart_activity,distinct_search_days,search_activity,0.346244,0.346244,ok
add_to_cart_count_30d,add_to_cart_activity,search_query_count_30d,search_activity,0.492732,0.492732,ok
add_to_cart_count_30d,add_to_cart_activity,search_query_count_60d,search_activity,0.379925,0.379925,ok
add_to_cart_count_30d,add_to_cart_activity,search_query_count_90d,search_activity,0.328378,0.328378,ok
add_to_cart_count_30d,add_to_cart_activity,days_since_last_add_to_cart,recency_features,-0.208799,0.208799,ok
add_to_cart_count_30d,add_to_cart_activity,days_since_last_remove_from_cart,recency_features,-0.019657,0.019657,ok
add_to_cart_count_30d,add_to_cart_activity,days_since_last_product_buy,recency_features,-0.068066,0.068066,ok
add_to_cart_count_30d,add_to_cart_activity,days_since_last_search_query,recency_features,-0.03564,0.03564,ok
add_to_cart_count_30d,add_to_cart_activity,buy_to_cart_ratio,ratio_features,0.014804,0.014804,ok
add_to_cart_count_30d,add_to_cart_activity,remove_to_cart_ratio,ratio_features,0.095747,0.095747,ok
add_to_cart_count_30d,add_to_cart_activity,cart_minus_remove_count,ratio_features,0.603046,0.603046,ok
add_to_cart_count_30d,add_to_cart_activity,search_to_cart_ratio,ratio_features,0.012055,0.012055,ok
add_to_cart_count_30d,add_to_cart_activity,distinct_cart_category_count,product_metadata_features,0.560615,0.560615,ok
add_to_cart_count_30d,add_to_cart_activity,avg_cart_price,product_metadata_features,-0.003109,0.003109,ok
add_to_cart_count_30d,add_to_cart_activity,max_cart_price,product_metadata_features,0.108212,0.108212,ok
add_to_cart_count_30d,add_to_cart_activity,distinct_bought_category_count,product_metadata_features,0.314734,0.314734,ok
add_to_cart_count_30d,add_to_cart_activity,avg_bought_price,product_metadata_features,0.02768,0.02768,ok
add_to_cart_count_30d,add_to_cart_activity,max_bought_price,product_metadata_features,0.073293,0.073293,ok
add_to_cart_count_30d,add_to_cart_activity,is_eligible_purchase_propensity,cohort_indicator,,,skipped_constant_feature
add_to_cart_count_30d,add_to_cart_activity,active_days_count,overall_activity,0.398441,0.398441,ok
add_to_cart_count_60d,add_to_cart_activity,add_to_cart_count_90d,add_to_cart_activity,0.919316,0.919316,ok
add_to_cart_count_60d,add_to_cart_activity,product_buy_count,product_buy_activity,0.471478,0.471478,ok
add_to_cart_count_60d,add_to_cart_activity,distinct_product_buy_sku_count,product_buy_activity,0.469454,0.469454,ok
add_to_cart_count_60d,add_to_cart_activity,product_buy_count_30d,product_buy_activity,0.455225,0.455225,ok
add_to_cart_count_60d,add_to_cart_activity,product_buy_count_60d,product_buy_activity,0.530026,0.530026,ok
add_to_cart_count_60d,add_to_cart_activity,product_buy_count_90d,product_buy_activity,0.490876,0.490876,ok
add_to_cart_count_60d,add_to_cart_activity,remove_from_cart_count,remove_from_cart_activity,0.747663,0.747663,ok
add_to_cart_count_60d,add_to_cart_activity,distinct_remove_from_cart_sku_count,remove_from_cart_activity,0.719425,0.719425,ok
add_to_cart_count_60d,add_to_cart_activity,remove_from_cart_count_30d,remove_from_cart_activity,0.716611,0.716611,ok
add_to_cart_count_60d,add_to_cart_activity,remove_from_cart_count_60d,remove_from_cart_activity,0.841111,0.841111,ok
add_to_cart_count_60d,add_to_cart_activity,remove_from_cart_count_90d,remove_from_cart_activity,0.77766,0.77766,ok
add_to_cart_count_60d,add_to_cart_activity,search_query_count,search_activity,0.413641,0.413641,ok
add_to_cart_count_60d,add_to_cart_activity,distinct_search_days,search_activity,0.432277,0.432277,ok
add_to_cart_count_60d,add_to_cart_activity,search_query_count_30d,search_activity,0.435033,0.435033,ok
add_to_cart_count_60d,add_to_cart_activity,search_query_count_60d,search_activity,0.497204,0.497204,ok
add_to_cart_count_60d,add_to_cart_activity,search_query_count_90d,search_activity,0.443193,0.443193,ok
add_to_cart_count_60d,add_to_cart_activity,days_since_last_add_to_cart,recency_features,-0.175257,0.175257,ok
add_to_cart_count_60d,add_to_cart_activity,days_since_last_remove_from_cart,recency_features,0.035868,0.035868,ok
add_to_cart_count_60d,add_to_cart_activity,days_since_last_product_buy,recency_features,-0.059427,0.059427,ok
add_to_cart_count_60d,add_to_cart_activity,days_since_last_search_query,recency_features,0.005674,0.005674,ok
add_to_cart_count_60d,add_to_cart_activity,buy_to_cart_ratio,ratio_features,0.017202,0.017202,ok
add_to_cart_count_60d,add_to_cart_activity,remove_to_cart_ratio,ratio_features,0.112839,0.112839,ok
add_to_cart_count_60d,add_to_cart_activity,cart_minus_remove_count,ratio_features,0.750485,0.750485,ok
add_to_cart_count_60d,add_to_cart_activity,search_to_cart_ratio,ratio_features,0.019155,0.019155,ok
add_to_cart_count_60d,add_to_cart_activity,distinct_cart_category_count,product_metadata_features,0.703087,0.703087,ok
add_to_cart_count_60d,add_to_cart_activity,avg_cart_price,product_metadata_features,-0.005299,0.005299,ok
add_to_cart_count_60d,add_to_cart_activity,max_cart_price,product_metadata_features,0.130352,0.130352,ok
add_to_cart_count_60d,add_to_cart_activity,distinct_bought_category_count,product_metadata_features,0.388782,0.388782,ok
add_to_cart_count_60d,add_to_cart_activity,avg_bought_price,product_metadata_features,0.019038,0.019038,ok
add_to_cart_count_60d,add_to_cart_activity,max_bought_price,product_metadata_features,0.073243,0.073243,ok
add_to_cart_count_60d,add_to_cart_activity,is_eligible_purchase_propensity,cohort_indicator,,,skipped_constant_feature
add_to_cart_count_60d,add_to_cart_activity,active_days_count,overall_activity,0.506284,0.506284,ok
add_to_cart_count_90d,add_to_cart_activity,product_buy_count,product_buy_activity,0.511171,0.511171,ok
add_to_cart_count_90d,add_to_cart_activity,distinct_product_buy_sku_count,product_buy_activity,0.509048,0.509048,ok
add_to_cart_count_90d,add_to_cart_activity,product_buy_count_30d,product_buy_activity,0.400204,0.400204,ok
add_to_cart_count_90d,add_to_cart_activity,product_buy_count_60d,product_buy_activity,0.488218,0.488218,ok
add_to_cart_count_90d,add_to_cart_activity,product_buy_count_90d,product_buy_activity,0.526693,0.526693,ok
add_to_cart_count_90d,add_to_cart_activity,remove_from_cart_count,remove_from_cart_activity,0.833719,0.833719,ok
add_to_cart_count_90d,add_to_cart_activity,distinct_remove_from_cart_sku_count,remove_from_cart_activity,0.811228,0.811228,ok
add_to_cart_count_90d,add_to_cart_activity,remove_from_cart_count_30d,remove_from_cart_activity,0.659393,0.659393,ok
add_to_cart_count_90d,add_to_cart_activity,remove_from_cart_count_60d,remove_from_cart_activity,0.803887,0.803887,ok
add_to_cart_count_90d,add_to_cart_activity,remove_from_cart_count_90d,remove_from_cart_activity,0.856088,0.856088,ok
add_to_cart_count_90d,add_to_cart_activity,search_query_count,search_activity,0.492084,0.492084,ok
add_to_cart_count_90d,add_to_cart_activity,distinct_search_days,search_activity,0.487014,0.487014,ok
add_to_cart_count_90d,add_to_cart_activity,search_query_count_30d,search_activity,0.401634,0.401634,ok
add_to_cart_count_90d,add_to_cart_activity,search_query_count_60d,search_activity,0.475929,0.475929,ok
add_to_cart_count_90d,add_to_cart_activity,search_query_count_90d,search_activity,0.516228,0.516228,ok
add_to_cart_count_90d,add_to_cart_activity,days_since_last_add_to_cart,recency_features,-0.095517,0.095517,ok
add_to_cart_count_90d,add_to_cart_activity,days_since_last_remove_from_cart,recency_features,0.11298,0.11298,ok
add_to_cart_count_90d,add_to_cart_activity,days_since_last_product_buy,recency_features,-0.037635,0.037635,ok
add_to_cart_count_90d,add_to_cart_activity,days_since_last_search_query,recency_features,0.066174,0.066174,ok
add_to_cart_count_90d,add_to_cart_activity,buy_to_cart_ratio,ratio_features,0.017896,0.017896,ok
add_to_cart_count_90d,add_to_cart_activity,remove_to_cart_ratio,ratio_features,0.127958,0.127958,ok
add_to_cart_count_90d,add_to_cart_activity,cart_minus_remove_count,ratio_features,0.816903,0.816903,ok
add_to_cart_count_90d,add_to_cart_activity,search_to_cart_ratio,ratio_features,0.025596,0.025596,ok
add_to_cart_count_90d,add_to_cart_activity,distinct_cart_category_count,product_metadata_features,0.787775,0.787775,ok
add_to_cart_count_90d,add_to_cart_activity,avg_cart_price,product_metadata_features,-0.002728,0.002728,ok
add_to_cart_count_90d,add_to_cart_activity,max_cart_price,product_metadata_features,0.147724,0.147724,ok
add_to_cart_count_90d,add_to_cart_activity,distinct_bought_category_count,product_metadata_features,0.425996,0.425996,ok
add_to_cart_count_90d,add_to_cart_activity,avg_bought_price,product_metadata_features,0.012898,0.012898,ok
add_to_cart_count_90d,add_to_cart_activity,max_bought_price,product_metadata_features,0.071875,0.071875,ok
add_to_cart_count_90d,add_to_cart_activity,is_eligible_purchase_propensity,cohort_indicator,,,skipped_constant_feature
add_to_cart_count_90d,add_to_cart_activity,active_days_count,overall_activity,0.572046,0.572046,ok
product_buy_count,product_buy_activity,distinct_product_buy_sku_count,product_buy_activity,0.91759,0.91759,ok
product_buy_count,product_buy_activity,product_buy_count_30d,product_buy_activity,0.645344,0.645344,ok
product_buy_count,product_buy_activity,product_buy_count_60d,product_buy_activity,0.854142,0.854142,ok
product_buy_count,product_buy_activity,product_buy_count_90d,product_buy_activity,0.960835,0.960835,ok
product_buy_count,product_buy_activity,remove_from_cart_count,remove_from_cart_activity,0.372314,0.372314,ok
product_buy_count,product_buy_activity,distinct_remove_from_cart_sku_count,remove_from_cart_activity,0.3805,0.3805,ok
product_buy_count,product_buy_activity,remove_from_cart_count_30d,remove_from_cart_activity,0.282332,0.282332,ok
product_buy_count,product_buy_activity,remove_from_cart_count_60d,remove_from_cart_activity,0.349178,0.349178,ok
product_buy_count,product_buy_activity,remove_from_cart_count_90d,remove_from_cart_activity,0.370469,0.370469,ok
product_buy_count,product_buy_activity,search_query_count,search_activity,0.345193,0.345193,ok
product_buy_count,product_buy_activity,distinct_search_days,search_activity,0.37043,0.37043,ok
product_buy_count,product_buy_activity,search_query_count_30d,search_activity,0.270394,0.270394,ok
product_buy_count,product_buy_activity,search_query_count_60d,search_activity,0.320535,0.320535,ok
product_buy_count,product_buy_activity,search_query_count_90d,search_activity,0.348659,0.348659,ok
product_buy_count,product_buy_activity,days_since_last_add_to_cart,recency_features,-0.17423,0.17423,ok
product_buy_count,product_buy_activity,days_since_last_remove_from_cart,recency_features,0.050521,0.050521,ok
product_buy_count,product_buy_activity,days_since_last_product_buy,recency_features,0.27974,0.27974,ok
product_buy_count,product_buy_activity,days_since_last_search_query,recency_features,0.021202,0.021202,ok
product_buy_count,product_buy_activity,buy_to_cart_ratio,ratio_features,0.352251,0.352251,ok
product_buy_count,product_buy_activity,remove_to_cart_ratio,ratio_features,0.036552,0.036552,ok
product_buy_count,product_buy_activity,cart_minus_remove_count,ratio_features,0.509937,0.509937,ok
product_buy_count,product_buy_activity,search_to_cart_ratio,ratio_features,0.018277,0.018277,ok
product_buy_count,product_buy_activity,distinct_cart_category_count,product_metadata_features,0.4359,0.4359,ok
product_buy_count,product_buy_activity,avg_cart_price,product_metadata_features,-0.148917,0.148917,ok
product_buy_count,product_buy_activity,max_cart_price,product_metadata_features,-0.051013,0.051013,ok
product_buy_count,product_buy_activity,distinct_bought_category_count,product_metadata_features,0.828852,0.828852,ok
product_buy_count,product_buy_activity,avg_bought_price,product_metadata_features,0.336851,0.336851,ok
product_buy_count,product_buy_activity,max_bought_price,product_metadata_features,0.4325,0.4325,ok
product_buy_count,product_buy_activity,is_eligible_purchase_propensity,cohort_indicator,,,skipped_constant_feature
product_buy_count,product_buy_activity,active_days_count,overall_activity,0.451885,0.451885,ok
distinct_product_buy_sku_count,product_buy_activity,product_buy_count_30d,product_buy_activity,0.603873,0.603873,ok
distinct_product_buy_sku_count,product_buy_activity,product_buy_count_60d,product_buy_activity,0.772726,0.772726,ok
distinct_product_buy_sku_count,product_buy_activity,product_buy_count_90d,product_buy_activity,0.871167,0.871167,ok
distinct_product_buy_sku_count,product_buy_activity,remove_from_cart_count,remove_from_cart_activity,0.40227,0.40227,ok
distinct_product_buy_sku_count,product_buy_activity,distinct_remove_from_cart_sku_count,remove_from_cart_activity,0.414716,0.414716,ok
distinct_product_buy_sku_count,product_buy_activity,remove_from_cart_count_30d,remove_from_cart_activity,0.30719,0.30719,ok
distinct_product_buy_sku_count,product_buy_activity,remove_from_cart_count_60d,remove_from_cart_activity,0.375434,0.375434,ok
distinct_product_buy_sku_count,product_buy_activity,remove_from_cart_count_90d,remove_from_cart_activity,0.399011,0.399011,ok
distinct_product_buy_sku_count,product_buy_activity,search_query_count,search_activity,0.369813,0.369813,ok
distinct_product_buy_sku_count,product_buy_activity,distinct_search_days,search_activity,0.393901,0.393901,ok
distinct_product_buy_sku_count,product_buy_activity,search_query_count_30d,search_activity,0.287539,0.287539,ok
distinct_product_buy_sku_count,product_buy_activity,search_query_count_60d,search_activity,0.340647,0.340647,ok
distinct_product_buy_sku_count,product_buy_activity,search_query_count_90d,search_activity,0.3711,0.3711,ok
distinct_product_buy_sku_count,product_buy_activity,days_since_last_add_to_cart,recency_features,-0.190405,0.190405,ok
distinct_product_buy_sku_count,product_buy_activity,days_since_last_remove_from_cart,recency_features,0.050978,0.050978,ok
distinct_product_buy_sku_count,product_buy_activity,days_since_last_product_buy,recency_features,0.307049,0.307049,ok
distinct_product_buy_sku_count,product_buy_activity,days_since_last_search_query,recency_features,0.021769,0.021769,ok
distinct_product_buy_sku_count,product_buy_activity,buy_to_cart_ratio,ratio_features,0.338137,0.338137,ok
distinct_product_buy_sku_count,product_buy_activity,remove_to_cart_ratio,ratio_features,0.039163,0.039163,ok
distinct_product_buy_sku_count,product_buy_activity,cart_minus_remove_count,ratio_features,0.480374,0.480374,ok
distinct_product_buy_sku_count,product_buy_activity,search_to_cart_ratio,ratio_features,0.020276,0.020276,ok
distinct_product_buy_sku_count,product_buy_activity,distinct_cart_category_count,product_metadata_features,0.479177,0.479177,ok
distinct_product_buy_sku_count,product_buy_activity,avg_cart_price,product_metadata_features,-0.171406,0.171406,ok
distinct_product_buy_sku_count,product_buy_activity,max_cart_price,product_metadata_features,-0.063579,0.063579,ok
distinct_product_buy_sku_count,product_buy_activity,distinct_bought_category_count,product_metadata_features,0.910871,0.910871,ok
distinct_product_buy_sku_count,product_buy_activity,avg_bought_price,product_metadata_features,0.357133,0.357133,ok
distinct_product_buy_sku_count,product_buy_activity,max_bought_price,product_metadata_features,0.463469,0.463469,ok
distinct_product_buy_sku_count,product_buy_activity,is_eligible_purchase_propensity,cohort_indicator,,,skipped_constant_feature
distinct_product_buy_sku_count,product_buy_activity,active_days_count,overall_activity,0.475559,0.475559,ok
product_buy_count_30d,product_buy_activity,product_buy_count_60d,product_buy_activity,0.781737,0.781737,ok
product_buy_count_30d,product_buy_activity,product_buy_count_90d,product_buy_activity,0.680176,0.680176,ok
product_buy_count_30d,product_buy_activity,remove_from_cart_count,remove_from_cart_activity,0.275111,0.275111,ok
product_buy_count_30d,product_buy_activity,distinct_remove_from_cart_sku_count,remove_from_cart_activity,0.269862,0.269862,ok
product_buy_count_30d,product_buy_activity,remove_from_cart_count_30d,remove_from_cart_activity,0.382211,0.382211,ok
product_buy_count_30d,product_buy_activity,remove_from_cart_count_60d,remove_from_cart_activity,0.327888,0.327888,ok
product_buy_count_30d,product_buy_activity,remove_from_cart_count_90d,remove_from_cart_activity,0.289621,0.289621,ok
product_buy_count_30d,product_buy_activity,search_query_count,search_activity,0.206295,0.206295,ok
product_buy_count_30d,product_buy_activity,distinct_search_days,search_activity,0.256849,0.256849,ok
product_buy_count_30d,product_buy_activity,search_query_count_30d,search_activity,0.339408,0.339408,ok
product_buy_count_30d,product_buy_activity,search_query_count_60d,search_activity,0.262994,0.262994,ok
product_buy_count_30d,product_buy_activity,search_query_count_90d,search_activity,0.223493,0.223493,ok
product_buy_count_30d,product_buy_activity,days_since_last_add_to_cart,recency_features,-0.191738,0.191738,ok
product_buy_count_30d,product_buy_activity,days_since_last_remove_from_cart,recency_features,-0.024962,0.024962,ok
product_buy_count_30d,product_buy_activity,days_since_last_product_buy,recency_features,-0.025899,0.025899,ok
product_buy_count_30d,product_buy_activity,days_since_last_search_query,recency_features,-0.03809,0.03809,ok
product_buy_count_30d,product_buy_activity,buy_to_cart_ratio,ratio_features,0.192661,0.192661,ok
product_buy_count_30d,product_buy_activity,remove_to_cart_ratio,ratio_features,0.039292,0.039292,ok
product_buy_count_30d,product_buy_activity,cart_minus_remove_count,ratio_features,0.372138,0.372138,ok
product_buy_count_30d,product_buy_activity,search_to_cart_ratio,ratio_features,0.011691,0.011691,ok
product_buy_count_30d,product_buy_activity,distinct_cart_category_count,product_metadata_features,0.313441,0.313441,ok
product_buy_count_30d,product_buy_activity,avg_cart_price,product_metadata_features,-0.071878,0.071878,ok
product_buy_count_30d,product_buy_activity,max_cart_price,product_metadata_features,0.001407,0.001407,ok
product_buy_count_30d,product_buy_activity,distinct_bought_category_count,product_metadata_features,0.524221,0.524221,ok
product_buy_count_30d,product_buy_activity,avg_bought_price,product_metadata_features,0.193003,0.193003,ok
product_buy_count_30d,product_buy_activity,max_bought_price,product_metadata_features,0.258431,0.258431,ok
product_buy_count_30d,product_buy_activity,is_eligible_purchase_propensity,cohort_indicator,,,skipped_constant_feature
product_buy_count_30d,product_buy_activity,active_days_count,overall_activity,0.292486,0.292486,ok
product_buy_count_60d,product_buy_activity,product_buy_count_90d,product_buy_activity,0.897814,0.897814,ok
product_buy_count_60d,product_buy_activity,remove_from_cart_count,remove_from_cart_activity,0.331167,0.331167,ok
product_buy_count_60d,product_buy_activity,distinct_remove_from_cart_sku_count,remove_from_cart_activity,0.334012,0.334012,ok
product_buy_count_60d,product_buy_activity,remove_from_cart_count_30d,remove_from_cart_activity,0.315729,0.315729,ok
product_buy_count_60d,product_buy_activity,remove_from_cart_count_60d,remove_from_cart_activity,0.374405,0.374405,ok
product_buy_count_60d,product_buy_activity,remove_from_cart_count_90d,remove_from_cart_activity,0.345532,0.345532,ok
product_buy_count_60d,product_buy_activity,search_query_count,search_activity,0.279058,0.279058,ok
product_buy_count_60d,product_buy_activity,distinct_search_days,search_activity,0.31867,0.31867,ok
product_buy_count_60d,product_buy_activity,search_query_count_30d,search_activity,0.296844,0.296844,ok
product_buy_count_60d,product_buy_activity,search_query_count_60d,search_activity,0.336129,0.336129,ok
product_buy_count_60d,product_buy_activity,search_query_count_90d,search_activity,0.299701,0.299701,ok
product_buy_count_60d,product_buy_activity,days_since_last_add_to_cart,recency_features,-0.202579,0.202579,ok
product_buy_count_60d,product_buy_activity,days_since_last_remove_from_cart,recency_features,0.000638,0.000638,ok
product_buy_count_60d,product_buy_activity,days_since_last_product_buy,recency_features,0.069496,0.069496,ok
product_buy_count_60d,product_buy_activity,days_since_last_search_query,recency_features,-0.021558,0.021558,ok
product_buy_count_60d,product_buy_activity,buy_to_cart_ratio,ratio_features,0.26527,0.26527,ok
product_buy_count_60d,product_buy_activity,remove_to_cart_ratio,ratio_features,0.038733,0.038733,ok
product_buy_count_60d,product_buy_activity,cart_minus_remove_count,ratio_features,0.466323,0.466323,ok
product_buy_count_60d,product_buy_activity,search_to_cart_ratio,ratio_features,0.014374,0.014374,ok
product_buy_count_60d,product_buy_activity,distinct_cart_category_count,product_metadata_features,0.388063,0.388063,ok
product_buy_count_60d,product_buy_activity,avg_cart_price,product_metadata_features,-0.107981,0.107981,ok
product_buy_count_60d,product_buy_activity,max_cart_price,product_metadata_features,-0.021304,0.021304,ok
product_buy_count_60d,product_buy_activity,distinct_bought_category_count,product_metadata_features,0.68437,0.68437,ok
product_buy_count_60d,product_buy_activity,avg_bought_price,product_metadata_features,0.25699,0.25699,ok
product_buy_count_60d,product_buy_activity,max_bought_price,product_metadata_features,0.338137,0.338137,ok
product_buy_count_60d,product_buy_activity,is_eligible_purchase_propensity,cohort_indicator,,,skipped_constant_feature
product_buy_count_60d,product_buy_activity,active_days_count,overall_activity,0.37494,0.37494,ok
product_buy_count_90d,product_buy_activity,remove_from_cart_count,remove_from_cart_activity,0.364866,0.364866,ok
product_buy_count_90d,product_buy_activity,distinct_remove_from_cart_sku_count,remove_from_cart_activity,0.371467,0.371467,ok
product_buy_count_90d,product_buy_activity,remove_from_cart_count_30d,remove_from_cart_activity,0.29133,0.29133,ok
product_buy_count_90d,product_buy_activity,remove_from_cart_count_60d,remove_from_cart_activity,0.357307,0.357307,ok
product_buy_count_90d,product_buy_activity,remove_from_cart_count_90d,remove_from_cart_activity,0.375949,0.375949,ok
product_buy_count_90d,product_buy_activity,search_query_count,search_activity,0.330518,0.330518,ok
product_buy_count_90d,product_buy_activity,distinct_search_days,search_activity,0.360305,0.360305,ok
product_buy_count_90d,product_buy_activity,search_query_count_30d,search_activity,0.27826,0.27826,ok
product_buy_count_90d,product_buy_activity,search_query_count_60d,search_activity,0.326702,0.326702,ok
product_buy_count_90d,product_buy_activity,search_query_count_90d,search_activity,0.349151,0.349151,ok
product_buy_count_90d,product_buy_activity,days_since_last_add_to_cart,recency_features,-0.18531,0.18531,ok
product_buy_count_90d,product_buy_activity,days_since_last_remove_from_cart,recency_features,0.034501,0.034501,ok
product_buy_count_90d,product_buy_activity,days_since_last_product_buy,recency_features,0.194532,0.194532,ok
product_buy_count_90d,product_buy_activity,days_since_last_search_query,recency_features,0.006626,0.006626,ok
product_buy_count_90d,product_buy_activity,buy_to_cart_ratio,ratio_features,0.317286,0.317286,ok
product_buy_count_90d,product_buy_activity,remove_to_cart_ratio,ratio_features,0.038861,0.038861,ok
product_buy_count_90d,product_buy_activity,cart_minus_remove_count,ratio_features,0.506157,0.506157,ok
product_buy_count_90d,product_buy_activity,search_to_cart_ratio,ratio_features,0.017708,0.017708,ok
product_buy_count_90d,product_buy_activity,distinct_cart_category_count,product_metadata_features,0.427707,0.427707,ok
product_buy_count_90d,product_buy_activity,avg_cart_price,product_metadata_features,-0.131984,0.131984,ok
product_buy_count_90d,product_buy_activity,max_cart_price,product_metadata_features,-0.036611,0.036611,ok
product_buy_count_90d,product_buy_activity,distinct_bought_category_count,product_metadata_features,0.782605,0.782605,ok
product_buy_count_90d,product_buy_activity,avg_bought_price,product_metadata_features,0.308335,0.308335,ok
product_buy_count_90d,product_buy_activity,max_bought_price,product_metadata_features,0.39953,0.39953,ok
product_buy_count_90d,product_buy_activity,is_eligible_purchase_propensity,cohort_indicator,,,skipped_constant_feature
product_buy_count_90d,product_buy_activity,active_days_count,overall_activity,0.432227,0.432227,ok
remove_from_cart_count,remove_from_cart_activity,distinct_remove_from_cart_sku_count,remove_from_cart_activity,0.957928,0.957928,ok
remove_from_cart_count,remove_from_cart_activity,remove_from_cart_count_30d,remove_from_cart_activity,0.728958,0.728958,ok
remove_from_cart_count,remove_from_cart_activity,remove_from_cart_count_60d,remove_from_cart_activity,0.889933,0.889933,ok
remove_from_cart_count,remove_from_cart_activity,remove_from_cart_count_90d,remove_from_cart_activity,0.975042,0.975042,ok
remove_from_cart_count,remove_from_cart_activity,search_query_count,search_activity,0.486236,0.486236,ok
remove_from_cart_count,remove_from_cart_activity,distinct_search_days,search_activity,0.443851,0.443851,ok
remove_from_cart_count,remove_from_cart_activity,search_query_count_30d,search_activity,0.348047,0.348047,ok
remove_from_cart_count,remove_from_cart_activity,search_query_count_60d,search_activity,0.41675,0.41675,ok
remove_from_cart_count,remove_from_cart_activity,search_query_count_90d,search_activity,0.47094,0.47094,ok
remove_from_cart_count,remove_from_cart_activity,days_since_last_add_to_cart,recency_features,-0.050782,0.050782,ok
remove_from_cart_count,remove_from_cart_activity,days_since_last_remove_from_cart,recency_features,0.194573,0.194573,ok
remove_from_cart_count,remove_from_cart_activity,days_since_last_product_buy,recency_features,0.001933,0.001933,ok
remove_from_cart_count,remove_from_cart_activity,days_since_last_search_query,recency_features,0.06987,0.06987,ok
remove_from_cart_count,remove_from_cart_activity,buy_to_cart_ratio,ratio_features,0.002058,0.002058,ok
remove_from_cart_count,remove_from_cart_activity,remove_to_cart_ratio,ratio_features,0.305887,0.305887,ok
remove_from_cart_count,remove_from_cart_activity,cart_minus_remove_count,ratio_features,0.442891,0.442891,ok
remove_from_cart_count,remove_from_cart_activity,search_to_cart_ratio,ratio_features,0.02626,0.02626,ok
remove_from_cart_count,remove_from_cart_activity,distinct_cart_category_count,product_metadata_features,0.688087,0.688087,ok
remove_from_cart_count,remove_from_cart_activity,avg_cart_price,product_metadata_features,-0.011356,0.011356,ok
remove_from_cart_count,remove_from_cart_activity,max_cart_price,product_metadata_features,0.103721,0.103721,ok
remove_from_cart_count,remove_from_cart_activity,distinct_bought_category_count,product_metadata_features,0.349954,0.349954,ok
remove_from_cart_count,remove_from_cart_activity,avg_bought_price,product_metadata_features,0.03475,0.03475,ok
remove_from_cart_count,remove_from_cart_activity,max_bought_price,product_metadata_features,0.078886,0.078886,ok
remove_from_cart_count,remove_from_cart_activity,is_eligible_purchase_propensity,cohort_indicator,,,skipped_constant_feature
remove_from_cart_count,remove_from_cart_activity,active_days_count,overall_activity,0.531015,0.531015,ok
distinct_remove_from_cart_sku_count,remove_from_cart_activity,remove_from_cart_count_30d,remove_from_cart_activity,0.672628,0.672628,ok
distinct_remove_from_cart_sku_count,remove_from_cart_activity,remove_from_cart_count_60d,remove_from_cart_activity,0.836581,0.836581,ok
distinct_remove_from_cart_sku_count,remove_from_cart_activity,remove_from_cart_count_90d,remove_from_cart_activity,0.928089,0.928089,ok
distinct_remove_from_cart_sku_count,remove_from_cart_activity,search_query_count,search_activity,0.498962,0.498962,ok
distinct_remove_from_cart_sku_count,remove_from_cart_activity,distinct_search_days,search_activity,0.456955,0.456955,ok
distinct_remove_from_cart_sku_count,remove_from_cart_activity,search_query_count_30d,search_activity,0.352715,0.352715,ok
distinct_remove_from_cart_sku_count,remove_from_cart_activity,search_query_count_60d,search_activity,0.427137,0.427137,ok
distinct_remove_from_cart_sku_count,remove_from_cart_activity,search_query_count_90d,search_activity,0.48168,0.48168,ok
distinct_remove_from_cart_sku_count,remove_from_cart_activity,days_since_last_add_to_cart,recency_features,-0.048078,0.048078,ok
distinct_remove_from_cart_sku_count,remove_from_cart_activity,days_since_last_remove_from_cart,recency_features,0.198189,0.198189,ok
distinct_remove_from_cart_sku_count,remove_from_cart_activity,days_since_last_product_buy,recency_features,0.00285,0.00285,ok
distinct_remove_from_cart_sku_count,remove_from_cart_activity,days_since_last_search_query,recency_features,0.07709,0.07709,ok
distinct_remove_from_cart_sku_count,remove_from_cart_activity,buy_to_cart_ratio,ratio_features,0.004999,0.004999,ok
distinct_remove_from_cart_sku_count,remove_from_cart_activity,remove_to_cart_ratio,ratio_features,0.285818,0.285818,ok
distinct_remove_from_cart_sku_count,remove_from_cart_activity,cart_minus_remove_count,ratio_features,0.455191,0.455191,ok
distinct_remove_from_cart_sku_count,remove_from_cart_activity,search_to_cart_ratio,ratio_features,0.03248,0.03248,ok
distinct_remove_from_cart_sku_count,remove_from_cart_activity,distinct_cart_category_count,product_metadata_features,0.729982,0.729982,ok
distinct_remove_from_cart_sku_count,remove_from_cart_activity,avg_cart_price,product_metadata_features,-0.011502,0.011502,ok
distinct_remove_from_cart_sku_count,remove_from_cart_activity,max_cart_price,product_metadata_features,0.107598,0.107598,ok
distinct_remove_from_cart_sku_count,remove_from_cart_activity,distinct_bought_category_count,product_metadata_features,0.366926,0.366926,ok
distinct_remove_from_cart_sku_count,remove_from_cart_activity,avg_bought_price,product_metadata_features,0.032588,0.032588,ok
distinct_remove_from_cart_sku_count,remove_from_cart_activity,max_bought_price,product_metadata_features,0.078026,0.078026,ok
distinct_remove_from_cart_sku_count,remove_from_cart_activity,is_eligible_purchase_propensity,cohort_indicator,,,skipped_constant_feature
distinct_remove_from_cart_sku_count,remove_from_cart_activity,active_days_count,overall_activity,0.538463,0.538463,ok
remove_from_cart_count_30d,remove_from_cart_activity,remove_from_cart_count_60d,remove_from_cart_activity,0.848869,0.848869,ok
remove_from_cart_count_30d,remove_from_cart_activity,remove_from_cart_count_90d,remove_from_cart_activity,0.762035,0.762035,ok
remove_from_cart_count_30d,remove_from_cart_activity,search_query_count,search_activity,0.298421,0.298421,ok
remove_from_cart_count_30d,remove_from_cart_activity,distinct_search_days,search_activity,0.322518,0.322518,ok
remove_from_cart_count_30d,remove_from_cart_activity,search_query_count_30d,search_activity,0.429262,0.429262,ok
remove_from_cart_count_30d,remove_from_cart_activity,search_query_count_60d,search_activity,0.35248,0.35248,ok
remove_from_cart_count_30d,remove_from_cart_activity,search_query_count_90d,search_activity,0.316901,0.316901,ok
remove_from_cart_count_30d,remove_from_cart_activity,days_since_last_add_to_cart,recency_features,-0.127538,0.127538,ok
remove_from_cart_count_30d,remove_from_cart_activity,days_since_last_remove_from_cart,recency_features,0.003766,0.003766,ok
remove_from_cart_count_30d,remove_from_cart_activity,days_since_last_product_buy,recency_features,-0.031344,0.031344,ok
remove_from_cart_count_30d,remove_from_cart_activity,days_since_last_search_query,recency_features,-0.014953,0.014953,ok
remove_from_cart_count_30d,remove_from_cart_activity,buy_to_cart_ratio,ratio_features,0.00398,0.00398,ok
remove_from_cart_count_30d,remove_from_cart_activity,remove_to_cart_ratio,ratio_features,0.205777,0.205777,ok
remove_from_cart_count_30d,remove_from_cart_activity,cart_minus_remove_count,ratio_features,0.335771,0.335771,ok
remove_from_cart_count_30d,remove_from_cart_activity,search_to_cart_ratio,ratio_features,0.012538,0.012538,ok
remove_from_cart_count_30d,remove_from_cart_activity,distinct_cart_category_count,product_metadata_features,0.504025,0.504025,ok
remove_from_cart_count_30d,remove_from_cart_activity,avg_cart_price,product_metadata_features,-0.007513,0.007513,ok
remove_from_cart_count_30d,remove_from_cart_activity,max_cart_price,product_metadata_features,0.081031,0.081031,ok
remove_from_cart_count_30d,remove_from_cart_activity,distinct_bought_category_count,product_metadata_features,0.26351,0.26351,ok
remove_from_cart_count_30d,remove_from_cart_activity,avg_bought_price,product_metadata_features,0.041605,0.041605,ok
remove_from_cart_count_30d,remove_from_cart_activity,max_bought_price,product_metadata_features,0.07713,0.07713,ok
remove_from_cart_count_30d,remove_from_cart_activity,is_eligible_purchase_propensity,cohort_indicator,,,skipped_constant_feature
remove_from_cart_count_30d,remove_from_cart_activity,active_days_count,overall_activity,0.379699,0.379699,ok
remove_from_cart_count_60d,remove_from_cart_activity,remove_from_cart_count_90d,remove_from_cart_activity,0.924218,0.924218,ok
remove_from_cart_count_60d,remove_from_cart_activity,search_query_count,search_activity,0.396511,0.396511,ok
remove_from_cart_count_60d,remove_from_cart_activity,distinct_search_days,search_activity,0.397392,0.397392,ok
remove_from_cart_count_60d,remove_from_cart_activity,search_query_count_30d,search_activity,0.388969,0.388969,ok
remove_from_cart_count_60d,remove_from_cart_activity,search_query_count_60d,search_activity,0.447719,0.447719,ok
remove_from_cart_count_60d,remove_from_cart_activity,search_query_count_90d,search_activity,0.417881,0.417881,ok
remove_from_cart_count_60d,remove_from_cart_activity,days_since_last_add_to_cart,recency_features,-0.112017,0.112017,ok
remove_from_cart_count_60d,remove_from_cart_activity,days_since_last_remove_from_cart,recency_features,0.066825,0.066825,ok
remove_from_cart_count_60d,remove_from_cart_activity,days_since_last_product_buy,recency_features,-0.020193,0.020193,ok
remove_from_cart_count_60d,remove_from_cart_activity,days_since_last_search_query,recency_features,0.012242,0.012242,ok
remove_from_cart_count_60d,remove_from_cart_activity,buy_to_cart_ratio,ratio_features,0.004407,0.004407,ok
remove_from_cart_count_60d,remove_from_cart_activity,remove_to_cart_ratio,ratio_features,0.24985,0.24985,ok
remove_from_cart_count_60d,remove_from_cart_activity,cart_minus_remove_count,ratio_features,0.422136,0.422136,ok
remove_from_cart_count_60d,remove_from_cart_activity,search_to_cart_ratio,ratio_features,0.018712,0.018712,ok
remove_from_cart_count_60d,remove_from_cart_activity,distinct_cart_category_count,product_metadata_features,0.618143,0.618143,ok
remove_from_cart_count_60d,remove_from_cart_activity,avg_cart_price,product_metadata_features,-0.010938,0.010938,ok
remove_from_cart_count_60d,remove_from_cart_activity,max_cart_price,product_metadata_features,0.093408,0.093408,ok
remove_from_cart_count_60d,remove_from_cart_activity,distinct_bought_category_count,product_metadata_features,0.323599,0.323599,ok
remove_from_cart_count_60d,remove_from_cart_activity,avg_bought_price,product_metadata_features,0.040629,0.040629,ok
remove_from_cart_count_60d,remove_from_cart_activity,max_bought_price,product_metadata_features,0.082011,0.082011,ok
remove_from_cart_count_60d,remove_from_cart_activity,is_eligible_purchase_propensity,cohort_indicator,,,skipped_constant_feature
remove_from_cart_count_60d,remove_from_cart_activity,active_days_count,overall_activity,0.473642,0.473642,ok
remove_from_cart_count_90d,remove_from_cart_activity,search_query_count,search_activity,0.461049,0.461049,ok
remove_from_cart_count_90d,remove_from_cart_activity,distinct_search_days,search_activity,0.435698,0.435698,ok
remove_from_cart_count_90d,remove_from_cart_activity,search_query_count_30d,search_activity,0.360882,0.360882,ok
remove_from_cart_count_90d,remove_from_cart_activity,search_query_count_60d,search_activity,0.428533,0.428533,ok
remove_from_cart_count_90d,remove_from_cart_activity,search_query_count_90d,search_activity,0.474042,0.474042,ok
remove_from_cart_count_90d,remove_from_cart_activity,days_since_last_add_to_cart,recency_features,-0.076191,0.076191,ok
remove_from_cart_count_90d,remove_from_cart_activity,days_since_last_remove_from_cart,recency_features,0.145814,0.145814,ok
remove_from_cart_count_90d,remove_from_cart_activity,days_since_last_product_buy,recency_features,-0.004556,0.004556,ok
remove_from_cart_count_90d,remove_from_cart_activity,days_since_last_search_query,recency_features,0.048179,0.048179,ok
remove_from_cart_count_90d,remove_from_cart_activity,buy_to_cart_ratio,ratio_features,0.003567,0.003567,ok
remove_from_cart_count_90d,remove_from_cart_activity,remove_to_cart_ratio,ratio_features,0.285292,0.285292,ok
remove_from_cart_count_90d,remove_from_cart_activity,cart_minus_remove_count,ratio_features,0.443518,0.443518,ok
remove_from_cart_count_90d,remove_from_cart_activity,search_to_cart_ratio,ratio_features,0.023751,0.023751,ok
remove_from_cart_count_90d,remove_from_cart_activity,distinct_cart_category_count,product_metadata_features,0.674303,0.674303,ok
remove_from_cart_count_90d,remove_from_cart_activity,avg_cart_price,product_metadata_features,-0.011055,0.011055,ok
remove_from_cart_count_90d,remove_from_cart_activity,max_cart_price,product_metadata_features,0.101508,0.101508,ok
remove_from_cart_count_90d,remove_from_cart_activity,distinct_bought_category_count,product_metadata_features,0.347429,0.347429,ok
remove_from_cart_count_90d,remove_from_cart_activity,avg_bought_price,product_metadata_features,0.038276,0.038276,ok
remove_from_cart_count_90d,remove_from_cart_activity,max_bought_price,product_metadata_features,0.082155,0.082155,ok
remove_from_cart_count_90d,remove_from_cart_activity,is_eligible_purchase_propensity,cohort_indicator,,,skipped_constant_feature
remove_from_cart_count_90d,remove_from_cart_activity,active_days_count,overall_activity,0.519766,0.519766,ok
search_query_count,search_activity,distinct_search_days,search_activity,0.750597,0.750597,ok
search_query_count,search_activity,search_query_count_30d,search_activity,0.615079,0.615079,ok
search_query_count,search_activity,search_query_count_60d,search_activity,0.815051,0.815051,ok
search_query_count,search_activity,search_query_count_90d,search_activity,0.955107,0.955107,ok
search_query_count,search_activity,days_since_last_add_to_cart,recency_features,-0.027661,0.027661,ok
search_query_count,search_activity,days_since_last_remove_from_cart,recency_features,0.124671,0.124671,ok
search_query_count,search_activity,days_since_last_product_buy,recency_features,0.01045,0.01045,ok
search_query_count,search_activity,days_since_last_search_query,recency_features,0.186566,0.186566,ok
search_query_count,search_activity,buy_to_cart_ratio,ratio_features,0.036481,0.036481,ok
search_query_count,search_activity,remove_to_cart_ratio,ratio_features,0.10819,0.10819,ok
search_query_count,search_activity,cart_minus_remove_count,ratio_features,0.39747,0.39747,ok
search_query_count,search_activity,search_to_cart_ratio,ratio_features,0.458523,0.458523,ok
search_query_count,search_activity,distinct_cart_category_count,product_metadata_features,0.518969,0.518969,ok
search_query_count,search_activity,avg_cart_price,product_metadata_features,0.003656,0.003656,ok
search_query_count,search_activity,max_cart_price,product_metadata_features,0.112614,0.112614,ok
search_query_count,search_activity,distinct_bought_category_count,product_metadata_features,0.353759,0.353759,ok
search_query_count,search_activity,avg_bought_price,product_metadata_features,0.042261,0.042261,ok
search_query_count,search_activity,max_bought_price,product_metadata_features,0.08901,0.08901,ok
search_query_count,search_activity,is_eligible_purchase_propensity,cohort_indicator,,,skipped_constant_feature
search_query_count,search_activity,active_days_count,overall_activity,0.649314,0.649314,ok
distinct_search_days,search_activity,search_query_count_30d,search_activity,0.561293,0.561293,ok
distinct_search_days,search_activity,search_query_count_60d,search_activity,0.675892,0.675892,ok
distinct_search_days,search_activity,search_query_count_90d,search_activity,0.742692,0.742692,ok
distinct_search_days,search_activity,days_since_last_add_to_cart,recency_features,-0.061207,0.061207,ok
distinct_search_days,search_activity,days_since_last_remove_from_cart,recency_features,0.142997,0.142997,ok
distinct_search_days,search_activity,days_since_last_product_buy,recency_features,0.013885,0.013885,ok
distinct_search_days,search_activity,days_since_last_search_query,recency_features,0.280837,0.280837,ok
distinct_search_days,search_activity,buy_to_cart_ratio,ratio_features,0.080094,0.080094,ok
distinct_search_days,search_activity,remove_to_cart_ratio,ratio_features,0.15039,0.15039,ok
distinct_search_days,search_activity,cart_minus_remove_count,ratio_features,0.405098,0.405098,ok
distinct_search_days,search_activity,search_to_cart_ratio,ratio_features,0.406288,0.406288,ok
distinct_search_days,search_activity,distinct_cart_category_count,product_metadata_features,0.557097,0.557097,ok
distinct_search_days,search_activity,avg_cart_price,product_metadata_features,0.032779,0.032779,ok
distinct_search_days,search_activity,max_cart_price,product_metadata_features,0.168639,0.168639,ok
distinct_search_days,search_activity,distinct_bought_category_count,product_metadata_features,0.398504,0.398504,ok
distinct_search_days,search_activity,avg_bought_price,product_metadata_features,0.087126,0.087126,ok
distinct_search_days,search_activity,max_bought_price,product_metadata_features,0.145042,0.145042,ok
distinct_search_days,search_activity,is_eligible_purchase_propensity,cohort_indicator,,,skipped_constant_feature
distinct_search_days,search_activity,active_days_count,overall_activity,0.870504,0.870504,ok
search_query_count_30d,search_activity,search_query_count_60d,search_activity,0.776565,0.776565,ok
search_query_count_30d,search_activity,search_query_count_90d,search_activity,0.664375,0.664375,ok
search_query_count_30d,search_activity,days_since_last_add_to_cart,recency_features,-0.143869,0.143869,ok
search_query_count_30d,search_activity,days_since_last_remove_from_cart,recency_features,0.002036,0.002036,ok
search_query_count_30d,search_activity,days_since_last_product_buy,recency_features,-0.033442,0.033442,ok
search_query_count_30d,search_activity,days_since_last_search_query,recency_features,-0.012776,0.012776,ok
search_query_count_30d,search_activity,buy_to_cart_ratio,ratio_features,0.03939,0.03939,ok
search_query_count_30d,search_activity,remove_to_cart_ratio,ratio_features,0.086674,0.086674,ok
search_query_count_30d,search_activity,cart_minus_remove_count,ratio_features,0.307311,0.307311,ok
search_query_count_30d,search_activity,search_to_cart_ratio,ratio_features,0.311129,0.311129,ok
search_query_count_30d,search_activity,distinct_cart_category_count,product_metadata_features,0.388245,0.388245,ok
search_query_count_30d,search_activity,avg_cart_price,product_metadata_features,0.007427,0.007427,ok
search_query_count_30d,search_activity,max_cart_price,product_metadata_features,0.095033,0.095033,ok
search_query_count_30d,search_activity,distinct_bought_category_count,product_metadata_features,0.27704,0.27704,ok
search_query_count_30d,search_activity,avg_bought_price,product_metadata_features,0.054019,0.054019,ok
search_query_count_30d,search_activity,max_bought_price,product_metadata_features,0.092801,0.092801,ok
search_query_count_30d,search_activity,is_eligible_purchase_propensity,cohort_indicator,,,skipped_constant_feature
search_query_count_30d,search_activity,active_days_count,overall_activity,0.480628,0.480628,ok
search_query_count_60d,search_activity,search_query_count_90d,search_activity,0.876651,0.876651,ok
search_query_count_60d,search_activity,days_since_last_add_to_cart,recency_features,-0.109861,0.109861,ok
search_query_count_60d,search_activity,days_since_last_remove_from_cart,recency_features,0.046488,0.046488,ok
search_query_count_60d,search_activity,days_since_last_product_buy,recency_features,-0.01647,0.01647,ok
search_query_count_60d,search_activity,days_since_last_search_query,recency_features,0.058502,0.058502,ok
search_query_count_60d,search_activity,buy_to_cart_ratio,ratio_features,0.039904,0.039904,ok
search_query_count_60d,search_activity,remove_to_cart_ratio,ratio_features,0.097229,0.097229,ok
search_query_count_60d,search_activity,cart_minus_remove_count,ratio_features,0.367613,0.367613,ok
search_query_count_60d,search_activity,search_to_cart_ratio,ratio_features,0.394272,0.394272,ok
search_query_count_60d,search_activity,distinct_cart_category_count,product_metadata_features,0.466713,0.466713,ok
search_query_count_60d,search_activity,avg_cart_price,product_metadata_features,0.004367,0.004367,ok
search_query_count_60d,search_activity,max_cart_price,product_metadata_features,0.105564,0.105564,ok
search_query_count_60d,search_activity,distinct_bought_category_count,product_metadata_features,0.328838,0.328838,ok
search_query_count_60d,search_activity,avg_bought_price,product_metadata_features,0.050568,0.050568,ok
search_query_count_60d,search_activity,max_bought_price,product_metadata_features,0.095084,0.095084,ok
search_query_count_60d,search_activity,is_eligible_purchase_propensity,cohort_indicator,,,skipped_constant_feature
search_query_count_60d,search_activity,active_days_count,overall_activity,0.583253,0.583253,ok
search_query_count_90d,search_activity,days_since_last_add_to_cart,recency_features,-0.059708,0.059708,ok
search_query_count_90d,search_activity,days_since_last_remove_from_cart,recency_features,0.097204,0.097204,ok
search_query_count_90d,search_activity,days_since_last_product_buy,recency_features,0.003511,0.003511,ok
search_query_count_90d,search_activity,days_since_last_search_query,recency_features,0.139621,0.139621,ok
search_query_count_90d,search_activity,buy_to_cart_ratio,ratio_features,0.039495,0.039495,ok
search_query_count_90d,search_activity,remove_to_cart_ratio,ratio_features,0.10532,0.10532,ok
search_query_count_90d,search_activity,cart_minus_remove_count,ratio_features,0.397695,0.397695,ok
search_query_count_90d,search_activity,search_to_cart_ratio,ratio_features,0.443457,0.443457,ok
search_query_count_90d,search_activity,distinct_cart_category_count,product_metadata_features,0.51082,0.51082,ok
search_query_count_90d,search_activity,avg_cart_price,product_metadata_features,0.004262,0.004262,ok
search_query_count_90d,search_activity,max_cart_price,product_metadata_features,0.112378,0.112378,ok
search_query_count_90d,search_activity,distinct_bought_category_count,product_metadata_features,0.355634,0.355634,ok
search_query_count_90d,search_activity,avg_bought_price,product_metadata_features,0.047573,0.047573,ok
search_query_count_90d,search_activity,max_bought_price,product_metadata_features,0.094755,0.094755,ok
search_query_count_90d,search_activity,is_eligible_purchase_propensity,cohort_indicator,,,skipped_constant_feature
search_query_count_90d,search_activity,active_days_count,overall_activity,0.643668,0.643668,ok
days_since_last_add_to_cart,recency_features,days_since_last_remove_from_cart,recency_features,0.259274,0.259274,ok
days_since_last_add_to_cart,recency_features,days_since_last_product_buy,recency_features,-0.141934,0.141934,ok
days_since_last_add_to_cart,recency_features,days_since_last_search_query,recency_features,0.279781,0.279781,ok
days_since_last_add_to_cart,recency_features,buy_to_cart_ratio,ratio_features,0.043473,0.043473,ok
days_since_last_add_to_cart,recency_features,remove_to_cart_ratio,ratio_features,0.04767,0.04767,ok
days_since_last_add_to_cart,recency_features,cart_minus_remove_count,ratio_features,-0.007736,0.007736,ok
days_since_last_add_to_cart,recency_features,search_to_cart_ratio,ratio_features,0.041618,0.041618,ok
days_since_last_add_to_cart,recency_features,distinct_cart_category_count,product_metadata_features,-0.001661,0.001661,ok
days_since_last_add_to_cart,recency_features,avg_cart_price,product_metadata_features,0.324942,0.324942,ok
days_since_last_add_to_cart,recency_features,max_cart_price,product_metadata_features,0.294442,0.294442,ok
days_since_last_add_to_cart,recency_features,distinct_bought_category_count,product_metadata_features,-0.231741,0.231741,ok
days_since_last_add_to_cart,recency_features,avg_bought_price,product_metadata_features,-0.30843,0.30843,ok
days_since_last_add_to_cart,recency_features,max_bought_price,product_metadata_features,-0.316453,0.316453,ok
days_since_last_add_to_cart,recency_features,is_eligible_purchase_propensity,cohort_indicator,,,skipped_constant_feature
days_since_last_add_to_cart,recency_features,active_days_count,overall_activity,-0.112783,0.112783,ok
days_since_last_remove_from_cart,recency_features,days_since_last_product_buy,recency_features,0.04441,0.04441,ok
days_since_last_remove_from_cart,recency_features,days_since_last_search_query,recency_features,0.267548,0.267548,ok
days_since_last_remove_from_cart,recency_features,buy_to_cart_ratio,ratio_features,0.014207,0.014207,ok
days_since_last_remove_from_cart,recency_features,remove_to_cart_ratio,ratio_features,0.544572,0.544572,ok
days_since_last_remove_from_cart,recency_features,cart_minus_remove_count,ratio_features,0.073303,0.073303,ok
days_since_last_remove_from_cart,recency_features,search_to_cart_ratio,ratio_features,0.060992,0.060992,ok
days_since_last_remove_from_cart,recency_features,distinct_cart_category_count,product_metadata_features,0.171036,0.171036,ok
days_since_last_remove_from_cart,recency_features,avg_cart_price,product_metadata_features,0.063529,0.063529,ok
days_since_last_remove_from_cart,recency_features,max_cart_price,product_metadata_features,0.141434,0.141434,ok
days_since_last_remove_from_cart,recency_features,distinct_bought_category_count,product_metadata_features,0.050495,0.050495,ok
days_since_last_remove_from_cart,recency_features,avg_bought_price,product_metadata_features,-0.00633,0.00633,ok
days_since_last_remove_from_cart,recency_features,max_bought_price,product_metadata_features,0.008465,0.008465,ok
days_since_last_remove_from_cart,recency_features,is_eligible_purchase_propensity,cohort_indicator,,,skipped_constant_feature
days_since_last_remove_from_cart,recency_features,active_days_count,overall_activity,0.164427,0.164427,ok
days_since_last_product_buy,recency_features,days_since_last_search_query,recency_features,0.015749,0.015749,ok
days_since_last_product_buy,recency_features,buy_to_cart_ratio,ratio_features,0.367636,0.367636,ok
days_since_last_product_buy,recency_features,remove_to_cart_ratio,ratio_features,-0.035638,0.035638,ok
days_since_last_product_buy,recency_features,cart_minus_remove_count,ratio_features,-0.049764,0.049764,ok
days_since_last_product_buy,recency_features,search_to_cart_ratio,ratio_features,-0.018638,0.018638,ok
days_since_last_product_buy,recency_features,distinct_cart_category_count,product_metadata_features,-0.071146,0.071146,ok
days_since_last_product_buy,recency_features,avg_cart_price,product_metadata_features,-0.320599,0.320599,ok
days_since_last_product_buy,recency_features,max_cart_price,product_metadata_features,-0.310243,0.310243,ok
days_since_last_product_buy,recency_features,distinct_bought_category_count,product_metadata_features,0.398022,0.398022,ok
days_since_last_product_buy,recency_features,avg_bought_price,product_metadata_features,0.709821,0.709821,ok
days_since_last_product_buy,recency_features,max_bought_price,product_metadata_features,0.700619,0.700619,ok
days_since_last_product_buy,recency_features,is_eligible_purchase_propensity,cohort_indicator,,,skipped_constant_feature
days_since_last_product_buy,recency_features,active_days_count,overall_activity,0.047011,0.047011,ok
days_since_last_search_query,recency_features,buy_to_cart_ratio,ratio_features,0.043438,0.043438,ok
days_since_last_search_query,recency_features,remove_to_cart_ratio,ratio_features,0.106782,0.106782,ok
days_since_last_search_query,recency_features,cart_minus_remove_count,ratio_features,0.109856,0.109856,ok
days_since_last_search_query,recency_features,search_to_cart_ratio,ratio_features,0.277904,0.277904,ok
days_since_last_search_query,recency_features,distinct_cart_category_count,product_metadata_features,0.149798,0.149798,ok
days_since_last_search_query,recency_features,avg_cart_price,product_metadata_features,0.049099,0.049099,ok
days_since_last_search_query,recency_features,max_cart_price,product_metadata_features,0.120312,0.120312,ok
days_since_last_search_query,recency_features,distinct_bought_category_count,product_metadata_features,0.015998,0.015998,ok
days_since_last_search_query,recency_features,avg_bought_price,product_metadata_features,-0.03756,0.03756,ok
days_since_last_search_query,recency_features,max_bought_price,product_metadata_features,-0.025066,0.025066,ok
days_since_last_search_query,recency_features,is_eligible_purchase_propensity,cohort_indicator,,,skipped_constant_feature
days_since_last_search_query,recency_features,active_days_count,overall_activity,0.124733,0.124733,ok
buy_to_cart_ratio,ratio_features,remove_to_cart_ratio,ratio_features,0.029421,0.029421,ok
buy_to_cart_ratio,ratio_features,cart_minus_remove_count,ratio_features,0.026161,0.026161,ok
buy_to_cart_ratio,ratio_features,search_to_cart_ratio,ratio_features,0.055109,0.055109,ok
buy_to_cart_ratio,ratio_features,distinct_cart_category_count,product_metadata_features,0.046634,0.046634,ok
buy_to_cart_ratio,ratio_features,avg_cart_price,product_metadata_features,0.105789,0.105789,ok
buy_to_cart_ratio,ratio_features,max_cart_price,product_metadata_features,0.11653,0.11653,ok
buy_to_cart_ratio,ratio_features,distinct_bought_category_count,product_metadata_features,0.390246,0.390246,ok
buy_to_cart_ratio,ratio_features,avg_bought_price,product_metadata_features,0.460162,0.460162,ok
buy_to_cart_ratio,ratio_features,max_bought_price,product_metadata_features,0.486871,0.486871,ok
buy_to_cart_ratio,ratio_features,is_eligible_purchase_propensity,cohort_indicator,,,skipped_constant_feature
buy_to_cart_ratio,ratio_features,active_days_count,overall_activity,0.112195,0.112195,ok
remove_to_cart_ratio,ratio_features,cart_minus_remove_count,ratio_features,-0.095335,0.095335,ok
remove_to_cart_ratio,ratio_features,search_to_cart_ratio,ratio_features,0.06845,0.06845,ok
remove_to_cart_ratio,ratio_features,distinct_cart_category_count,product_metadata_features,0.143701,0.143701,ok
remove_to_cart_ratio,ratio_features,avg_cart_price,product_metadata_features,0.069537,0.069537,ok
remove_to_cart_ratio,ratio_features,max_cart_price,product_metadata_features,0.119361,0.119361,ok
remove_to_cart_ratio,ratio_features,distinct_bought_category_count,product_metadata_features,0.03927,0.03927,ok
remove_to_cart_ratio,ratio_features,avg_bought_price,product_metadata_features,-0.008024,0.008024,ok
remove_to_cart_ratio,ratio_features,max_bought_price,product_metadata_features,0.00238,0.00238,ok
remove_to_cart_ratio,ratio_features,is_eligible_purchase_propensity,cohort_indicator,,,skipped_constant_feature
remove_to_cart_ratio,ratio_features,active_days_count,overall_activity,0.17318,0.17318,ok
cart_minus_remove_count,ratio_features,search_to_cart_ratio,ratio_features,0.021665,0.021665,ok
cart_minus_remove_count,ratio_features,distinct_cart_category_count,product_metadata_features,0.697368,0.697368,ok
cart_minus_remove_count,ratio_features,avg_cart_price,product_metadata_features,0.010432,0.010432,ok
cart_minus_remove_count,ratio_features,max_cart_price,product_metadata_features,0.161582,0.161582,ok
cart_minus_remove_count,ratio_features,distinct_bought_category_count,product_metadata_features,0.386005,0.386005,ok
cart_minus_remove_count,ratio_features,avg_bought_price,product_metadata_features,-0.026856,0.026856,ok
cart_minus_remove_count,ratio_features,max_bought_price,product_metadata_features,0.031246,0.031246,ok
cart_minus_remove_count,ratio_features,is_eligible_purchase_propensity,cohort_indicator,,,skipped_constant_feature
cart_minus_remove_count,ratio_features,active_days_count,overall_activity,0.470254,0.470254,ok
search_to_cart_ratio,ratio_features,distinct_cart_category_count,product_metadata_features,0.059423,0.059423,ok
search_to_cart_ratio,ratio_features,avg_cart_price,product_metadata_features,0.064737,0.064737,ok
search_to_cart_ratio,ratio_features,max_cart_price,product_metadata_features,0.084515,0.084515,ok
search_to_cart_ratio,ratio_features,distinct_bought_category_count,product_metadata_features,0.022764,0.022764,ok
search_to_cart_ratio,ratio_features,avg_bought_price,product_metadata_features,-0.001719,0.001719,ok
search_to_cart_ratio,ratio_features,max_bought_price,product_metadata_features,0.004497,0.004497,ok
search_to_cart_ratio,ratio_features,is_eligible_purchase_propensity,cohort_indicator,,,skipped_constant_feature
search_to_cart_ratio,ratio_features,active_days_count,overall_activity,0.267938,0.267938,ok
distinct_cart_category_count,product_metadata_features,avg_cart_price,product_metadata_features,0.061501,0.061501,ok
distinct_cart_category_count,product_metadata_features,max_cart_price,product_metadata_features,0.257502,0.257502,ok
distinct_cart_category_count,product_metadata_features,distinct_bought_category_count,product_metadata_features,0.482707,0.482707,ok
distinct_cart_category_count,product_metadata_features,avg_bought_price,product_metadata_features,-0.027719,0.027719,ok
distinct_cart_category_count,product_metadata_features,max_bought_price,product_metadata_features,0.043362,0.043362,ok
distinct_cart_category_count,product_metadata_features,is_eligible_purchase_propensity,cohort_indicator,,,skipped_constant_feature
distinct_cart_category_count,product_metadata_features,active_days_count,overall_activity,0.654949,0.654949,ok
avg_cart_price,product_metadata_features,max_cart_price,product_metadata_features,0.945649,0.945649,ok
avg_cart_price,product_metadata_features,distinct_bought_category_count,product_metadata_features,-0.199305,0.199305,ok
avg_cart_price,product_metadata_features,avg_bought_price,product_metadata_features,-0.189815,0.189815,ok
avg_cart_price,product_metadata_features,max_bought_price,product_metadata_features,-0.200126,0.200126,ok
avg_cart_price,product_metadata_features,is_eligible_purchase_propensity,cohort_indicator,,,skipped_constant_feature
avg_cart_price,product_metadata_features,active_days_count,overall_activity,0.027683,0.027683,ok
max_cart_price,product_metadata_features,distinct_bought_category_count,product_metadata_features,-0.088735,0.088735,ok
max_cart_price,product_metadata_features,avg_bought_price,product_metadata_features,-0.173667,0.173667,ok
max_cart_price,product_metadata_features,max_bought_price,product_metadata_features,-0.158309,0.158309,ok
max_cart_price,product_metadata_features,is_eligible_purchase_propensity,cohort_indicator,,,skipped_constant_feature
max_cart_price,product_metadata_features,active_days_count,overall_activity,0.188501,0.188501,ok
distinct_bought_category_count,product_metadata_features,avg_bought_price,product_metadata_features,0.477744,0.477744,ok
distinct_bought_category_count,product_metadata_features,max_bought_price,product_metadata_features,0.584602,0.584602,ok
distinct_bought_category_count,product_metadata_features,is_eligible_purchase_propensity,cohort_indicator,,,skipped_constant_feature
distinct_bought_category_count,product_metadata_features,active_days_count,overall_activity,0.494211,0.494211,ok
avg_bought_price,product_metadata_features,max_bought_price,product_metadata_features,0.982014,0.982014,ok
avg_bought_price,product_metadata_features,is_eligible_purchase_propensity,cohort_indicator,,,skipped_constant_feature
avg_bought_price,product_metadata_features,active_days_count,overall_activity,0.134277,0.134277,ok
max_bought_price,product_metadata_features,is_eligible_purchase_propensity,cohort_indicator,,,skipped_constant_feature
max_bought_price,product_metadata_features,active_days_count,overall_activity,0.207029,0.207029,ok
is_eligible_purchase_propensity,cohort_indicator,active_days_count,overall_activity,,,skipped_constant_feature
