target_name,business_question,window_days,history_start,cutoff_date,target_end,eligible_clients,positive_clients,negative_clients,positive_rate,negative_rate,positive_means,negative_means,data_coverage_note,label_imbalance_note,implementation_complexity,complexity_reason,business_value,business_value_reason,leakage_rule,recommended_for_mvp,reason,coverage_rank,balance_rank,complexity_rank,business_value_rank,overall_recommendation_score,overall_recommendation_rank
purchase_propensity,Which active clients are likely to purchase in the target window?,14,2022-06-23,2022-11-25,2022-12-08,2418073,57754,2360319,0.023884,0.976116,purchase in target window,no purchase in target window,Default active cohort uses add_to_cart or purchase history.,positive_class_low,medium,"Requires active-user cohort and future purchase label, but is broad and business-friendly.",high,Supports campaign targeting and general purchase likelihood scoring.,Features must only use events before cutoff_date. Labels must only use purchase events from cutoff_date to target_end. No target-window behavior should be used in feature calculations.,False,Alternative target/window retained for review.,1,5,3,1,10,2
cart_conversion,"Among clients who showed cart intent, who will convert to purchase in the target window?",14,2022-06-23,2022-11-25,2022-12-08,2114526,47724,2066802,0.02257,0.97743,cart conversion purchase in target window,possible cart abandonment or no conversion,Cohort uses clients with add_to_cart history.,positive_class_low,low_to_medium,Clear cohort from add_to_cart and clear target purchase label.,high,Directly supports cart recovery and conversion campaigns.,Features must only use events before cutoff_date. Labels must only use purchase events from cutoff_date to target_end. No target-window behavior should be used in feature calculations.,False,Alternative target/window retained for review.,3,6,2,1,12,4
purchase_based_churn,"Among clients who have purchased before, who will not purchase again in the target window?",14,2022-06-23,2022-11-25,2022-12-08,826947,778744,48203,0.94171,0.05829,churn: no purchase in target window,non-churn: purchase in target window,Cohort uses clients with purchase history.,positive_class_high,low,"Clear purchase-only cohort, but business interpretation is narrower and label may be highly imbalanced.",medium,"Useful for retention, but only applies to previous purchasers.",Features must only use events before cutoff_date. Labels must only use purchase events from cutoff_date to target_end. No target-window behavior should be used in feature calculations.,False,Alternative target/window retained for review.,7,9,1,2,19,5
purchase_propensity,Which active clients are likely to purchase in the target window?,30,2022-06-23,2022-11-09,2022-12-08,2149796,93614,2056182,0.043546,0.956454,purchase in target window,no purchase in target window,Default active cohort uses add_to_cart or purchase history.,positive_class_low,medium,"Requires active-user cohort and future purchase label, but is broad and business-friendly.",high,Supports campaign targeting and general purchase likelihood scoring.,Features must only use events before cutoff_date. Labels must only use purchase events from cutoff_date to target_end. No target-window behavior should be used in feature calculations.,True,"Best overall trade-off across coverage, label balance, implementation complexity, and business actionability.",2,3,3,1,9,1
cart_conversion,"Among clients who showed cart intent, who will convert to purchase in the target window?",30,2022-06-23,2022-11-09,2022-12-08,1872709,75415,1797294,0.040271,0.959729,cart conversion purchase in target window,possible cart abandonment or no conversion,Cohort uses clients with add_to_cart history.,positive_class_low,low_to_medium,Clear cohort from add_to_cart and clear target purchase label.,high,Directly supports cart recovery and conversion campaigns.,Features must only use events before cutoff_date. Labels must only use purchase events from cutoff_date to target_end. No target-window behavior should be used in feature calculations.,False,Alternative target/window retained for review.,5,4,2,1,12,4
purchase_based_churn,"Among clients who have purchased before, who will not purchase again in the target window?",30,2022-06-23,2022-11-09,2022-12-08,739219,661550,77669,0.894931,0.105069,churn: no purchase in target window,non-churn: purchase in target window,Cohort uses clients with purchase history.,positive_class_high,low,"Clear purchase-only cohort, but business interpretation is narrower and label may be highly imbalanced.",medium,"Useful for retention, but only applies to previous purchasers.",Features must only use events before cutoff_date. Labels must only use purchase events from cutoff_date to target_end. No target-window behavior should be used in feature calculations.,False,Alternative target/window retained for review.,8,8,1,2,19,5
purchase_propensity,Which active clients are likely to purchase in the target window?,45,2022-06-23,2022-10-25,2022-12-08,1925028,112154,1812874,0.058261,0.941739,purchase in target window,no purchase in target window,Default active cohort uses add_to_cart or purchase history.,positive_class_low,medium,"Requires active-user cohort and future purchase label, but is broad and business-friendly.",high,Supports campaign targeting and general purchase likelihood scoring.,Features must only use events before cutoff_date. Labels must only use purchase events from cutoff_date to target_end. No target-window behavior should be used in feature calculations.,False,Alternative target/window retained for review.,4,1,3,1,9,1
cart_conversion,"Among clients who showed cart intent, who will convert to purchase in the target window?",45,2022-06-23,2022-10-25,2022-12-08,1672381,89320,1583061,0.053409,0.946591,cart conversion purchase in target window,possible cart abandonment or no conversion,Cohort uses clients with add_to_cart history.,positive_class_low,low_to_medium,Clear cohort from add_to_cart and clear target purchase label.,high,Directly supports cart recovery and conversion campaigns.,Features must only use events before cutoff_date. Labels must only use purchase events from cutoff_date to target_end. No target-window behavior should be used in feature calculations.,False,Alternative target/window retained for review.,6,2,2,1,11,3
purchase_based_churn,"Among clients who have purchased before, who will not purchase again in the target window?",45,2022-06-23,2022-10-25,2022-12-08,668496,576651,91845,0.862609,0.137391,churn: no purchase in target window,non-churn: purchase in target window,Cohort uses clients with purchase history.,positive_class_high,low,"Clear purchase-only cohort, but business interpretation is narrower and label may be highly imbalanced.",medium,"Useful for retention, but only applies to previous purchasers.",Features must only use events before cutoff_date. Labels must only use purchase events from cutoff_date to target_end. No target-window behavior should be used in feature calculations.,False,Alternative target/window retained for review.,9,7,1,2,19,5
